{"cameraMode":{"drawMode":0,"name":"Shaded","section":"Shading Mode"},"sceneLighting":true,"audioPlay":false,"sceneViewState":{"m_AlwaysRefresh":false,"showFog":true,"showSkybox":true,"showFlares":true,"showImageEffects":true,"showParticleSystems":true,"showVisualEffectGraphs":true,"m_FxEnabled":true},"in2DMode":false,"pivot":{"x":-0.11092936992645264,"y":6.6921234130859379,"z":-1.6652278900146485},"rotation":{"x":0.5650092363357544,"y":-0.04573560506105423,"z":0.03139026463031769,"w":0.823218584060669},"size":7.097734451293945,"orthographic":true}