{"cameraMode":{"drawMode":0,"name":"Shaded","section":"Shading Mode"},"sceneLighting":true,"audioPlay":false,"sceneViewState":{"m_AlwaysRefresh":false,"showFog":true,"showSkybox":true,"showFlares":true,"showImageEffects":true,"showParticleSystems":true,"showVisualEffectGraphs":true,"m_FxEnabled":true},"in2DMode":false,"pivot":{"x":3.3790647983551027,"y":-2.0302677154541017,"z":-2.226360321044922},"rotation":{"x":0.6984167098999023,"y":-0.015025260858237744,"z":0.014668910764157772,"w":0.7153832316398621},"size":7.724931716918945,"orthographic":true}